Workbook

Sheet Palavras-chave
A1: Palavras-chave para a Biblioteca de Anúncios do Facebook
A2: Como usar: Biblioteca de Anúncios > País: Brasil > Todos os anúncios > cole a palavra > filtre por 'Ativos' e ordene por 'Mais antigos'. Teste também variações no singular/plural.
A4: Tema | B4: Palavras-chave (busca) | C4: Dor do público | D4: Prioridade (1=alta) | E4: Observação de compliance
A5: Educação cristã infantil | B5: devocional infantil; devocional para crianças; culto doméstico; culto em família; histórias bíblicas para crianças; bíblia ilustrada infantil; ensinar oração aos filhos | C5: Pais não sabem ensinar a fé aos filhos | D5: 1 | E5: Sem problema de saúde; evitar promessas de 'salvação garantida'
A6: Atividades bíblicas imprimíveis | B6: atividades bíblicas; atividades bíblicas para imprimir; escola bíblica dominical kit; lição EBD infantil; kit EBD; apostila infantil cristã | C6: Falta de ideias e material pronto para igreja e casa | D6: 1 | E6: Verificar direitos de imagens/personagens
A7: Disciplina positiva cristã | B7: birra; criança birrenta; disciplina positiva; educar filhos sem gritar; educar filhos segundo a Bíblia; criança desobediente; limites para crianças | C7: Cansaço, culpa e gritos em casa | D7: 1 | E7: Evitar 'cura', 'transforme seu filho em X dias' sem base
A8: Pack de atividades pedagógicas | B8: atividades para imprimir; alfabetização atividades; caderno de atividades pré-escola; atividades educação infantil; kit atividades; pack atividades infantis | C8: Acompanhar a escola, reduzir telas | D8: 2 | E8: Atenção a direitos autorais (BNCC ok, personagens não)
A9: Sono do bebê e da criança | B9: sono do bebê; bebê não dorme; rotina de sono; método sono infantil; despertares noturnos | C9: Noites sem dormir, exaustão | D9: 2 | E9: Saúde: evitar promessas médicas e antes/depois
A10: Alimentação infantil | B10: seletividade alimentar; criança não come; introdução alimentar; BLW; receitas para bebês; papinha | C10: Medo de desnutrição, mesa em conflito | D10: 2 | E10: Saúde: sem promessas de cura/ganho de peso
A11: Desfralde | B11: desfralde; tirar fralda; desfralde em 3 dias; desfralde noturno | C11: Mãe quer rapidez e sem estresse | D11: 2 | E11: 'Em 3 dias' é claim forte, cuidado
A12: Controle de telas | B12: vício em telas; criança no celular; tempo de tela infantil; desintoxicação digital criança | C12: Culpa e preocupação com tablet/YouTube | D12: 2 | E12: Sem diagnóstico
A13: Emocional infantil | B13: ansiedade infantil; criança com medo; controle emocional crianças; raiva infantil; autoestima infantil; criança sensível | C13: Filho sofre e pai não sabe ajudar | D13: 2 | E13: Saúde mental: Meta restringe; usar linguagem educativa
A14: Proteção digital e espiritual | B14: proteger filhos na internet; segurança online crianças; pornografia infantil prevenção; educação sexual cristã; criar filhos no mundo digital | C14: Medo (motivador forte de compra) | D14: 1 | E14: Cuidado com palavras sensíveis nos anúncios
A15: Maternidade cristã | B15: mãe cristã; maternidade cristã; oração por filhos; oração pelos filhos; devocional para mães | C15: Solidão, sobrecarga, culpa | D15: 3 | E15: Boa para comunidade/assinatura
A16: Estímulo e desenvolvimento | B16: estimulação precoce; desenvolvimento infantil; atividades sensoriais; brincadeiras educativas bebê; montessori em casa | C16: Medo de 'atrasar' o desenvolvimento | D16: 3 | E16: Sem promessas de QI/superdotação

Sheet Pontuação de Ofertas
A1: Planilha de pontuação de ofertas (minerar > pontuar > modelar)
A2: Preencha apenas as células em AZUL (colunas A a J). Pontos e total são calculados. A linha 7 é um exemplo fictício de formato; apague-a antes de usar.
A6: Oferta / Página | B6: Link do anúncio ou da página de vendas | C6: Tema | D6: Dias no ar (anúncio mais antigo ativo) | E6: Nº de anúncios ativos | F6: Nº de criativos distintos | G6: Outras páginas com a mesma oferta | H6: Order bump / upsell? (Sim/Não) | I6: Ticket front (R$) | J6: Avaliação da dor (1-5) | K6: Pts Tempo | L6: Pts Volume | M6: Pts Criativos | N6: Pts Afiliados | O6: Pts Funil | P6: Pts Dor | Q6: Nota final (0-100) | R6: Classificação
A7: EXEMPLO - Devocional Kids | B7: https://exemplo.com/oferta | C7: Educação cristã infantil | D7: 75 | E7: 40 | F7: 12 | G7: 5 | H7: Sim | I7: 27 | J7: 5 | K7: =IF(D7="","",IF(D7>=Parâmetros!$C$7,5,IF(D7>=Parâmetros!$C$6,4,IF(D7>=Parâmetros!$C$5,3,IF(D7>=Parâmetros!$C$4,2,1))))) -> 4 | L7: =IF(E7="","",IF(E7>=Parâmetros!$D$7,5,IF(E7>=Parâmetros!$D$6,4,IF(E7>=Parâmetros!$D$5,3,IF(E7>=Parâmetros!$D$4,2,1))))) -> 4 | M7: =IF(F7="","",IF(F7>=Parâmetros!$E$7,5,IF(F7>=Parâmetros!$E$6,4,IF(F7>=Parâmetros!$E$5,3,IF(F7>=Parâmetros!$E$4,2,1))))) -> 4 | N7: =IF(G7="","",IF(G7>=Parâmetros!$F$7,5,IF(G7>=Parâmetros!$F$6,4,IF(G7>=Parâmetros!$F$5,3,IF(G7>=Parâmetros!$F$4,2,1))))) -> 4 | O7: =IF(H7="","",IF(H7="Sim",IF(I7>=Parâmetros!$G$4,5,4),IF(I7>=Parâmetros!$G$4,3,2))) -> 5 | P7: =IF(J7="","",J7) -> 5 | Q7: =IF(COUNT(K7:P7)<6,"",ROUND(100*(K7*Parâmetros!$B$12+L7*Parâmetros!$B$13+M7*Parâmetros!$B$14+N7*Parâmetros!$B$15+O7*Parâmetros!$B$16+P7*Parâmetros!$B$17)/(5*SUM(Parâmetros!$B$12:$B$17)),0)) -> 87 | R7: =IF(Q7="","",IF(Q7>=Parâmetros!$B$20,"Modelar já",IF(Q7>=Parâmetros!$B$21,"Monitorar","Descartar"))) -> Modelar já
K8: =IF(D8="","",IF(D8>=Parâmetros!$C$7,5,IF(D8>=Parâmetros!$C$6,4,IF(D8>=Parâmetros!$C$5,3,IF(D8>=Parâmetros!$C$4,2,1))))) | L8: =IF(E8="","",IF(E8>=Parâmetros!$D$7,5,IF(E8>=Parâmetros!$D$6,4,IF(E8>=Parâmetros!$D$5,3,IF(E8>=Parâmetros!$D$4,2,1))))) | M8: =IF(F8="","",IF(F8>=Parâmetros!$E$7,5,IF(F8>=Parâmetros!$E$6,4,IF(F8>=Parâmetros!$E$5,3,IF(F8>=Parâmetros!$E$4,2,1))))) | N8: =IF(G8="","",IF(G8>=Parâmetros!$F$7,5,IF(G8>=Parâmetros!$F$6,4,IF(G8>=Parâmetros!$F$5,3,IF(G8>=Parâmetros!$F$4,2,1))))) | O8: =IF(H8="","",IF(H8="Sim",IF(I8>=Parâmetros!$G$4,5,4),IF(I8>=Parâmetros!$G$4,3,2))) | P8: =IF(J8="","",J8) | Q8: =IF(COUNT(K8:P8)<6,"",ROUND(100*(K8*Parâmetros!$B$12+L8*Parâmetros!$B$13+M8*Parâmetros!$B$14+N8*Parâmetros!$B$15+O8*Parâmetros!$B$16+P8*Parâmetros!$B$17)/(5*SUM(Parâmetros!$B$12:$B$17)),0)) | R8: =IF(Q8="","",IF(Q8>=Parâmetros!$B$20,"Modelar já",IF(Q8>=Parâmetros!$B$21,"Monitorar","Descartar")))
K9: =IF(D9="","",IF(D9>=Parâmetros!$C$7,5,IF(D9>=Parâmetros!$C$6,4,IF(D9>=Parâmetros!$C$5,3,IF(D9>=Parâmetros!$C$4,2,1))))) | L9: =IF(E9="","",IF(E9>=Parâmetros!$D$7,5,IF(E9>=Parâmetros!$D$6,4,IF(E9>=Parâmetros!$D$5,3,IF(E9>=Parâmetros!$D$4,2,1))))) | M9: =IF(F9="","",IF(F9>=Parâmetros!$E$7,5,IF(F9>=Parâmetros!$E$6,4,IF(F9>=Parâmetros!$E$5,3,IF(F9>=Parâmetros!$E$4,2,1))))) | N9: =IF(G9="","",IF(G9>=Parâmetros!$F$7,5,IF(G9>=Parâmetros!$F$6,4,IF(G9>=Parâmetros!$F$5,3,IF(G9>=Parâmetros!$F$4,2,1))))) | O9: =IF(H9="","",IF(H9="Sim",IF(I9>=Parâmetros!$G$4,5,4),IF(I9>=Parâmetros!$G$4,3,2))) | P9: =IF(J9="","",J9) | Q9: =IF(COUNT(K9:P9)<6,"",ROUND(100*(K9*Parâmetros!$B$12+L9*Parâmetros!$B$13+M9*Parâmetros!$B$14+N9*Parâmetros!$B$15+O9*Parâmetros!$B$16+P9*Parâmetros!$B$17)/(5*SUM(Parâmetros!$B$12:$B$17)),0)) | R9: =IF(Q9="","",IF(Q9>=Parâmetros!$B$20,"Modelar já",IF(Q9>=Parâmetros!$B$21,"Monitorar","Descartar")))
K10: =IF(D10="","",IF(D10>=Parâmetros!$C$7,5,IF(D10>=Parâmetros!$C$6,4,IF(D10>=Parâmetros!$C$5,3,IF(D10>=Parâmetros!$C$4,2,1))))) | L10: =IF(E10="","",IF(E10>=Parâmetros!$D$7,5,IF(E10>=Parâmetros!$D$6,4,IF(E10>=Parâmetros!$D$5,3,IF(E10>=Parâmetros!$D$4,2,1))))) | M10: =IF(F10="","",IF(F10>=Parâmetros!$E$7,5,IF(F10>=Parâmetros!$E$6,4,IF(F10>=Parâmetros!$E$5,3,IF(F10>=Parâmetros!$E$4,2,1))))) | N10: =IF(G10="","",IF(G10>=Parâmetros!$F$7,5,IF(G10>=Parâmetros!$F$6,4,IF(G10>=Parâmetros!$F$5,3,IF(G10>=Parâmetros!$F$4,2,1))))) | O10: =IF(H10="","",IF(H10="Sim",IF(I10>=Parâmetros!$G$4,5,4),IF(I10>=Parâmetros!$G$4,3,2))) | P10: =IF(J10="","",J10) | Q10: =IF(COUNT(K10:P10)<6,"",ROUND(100*(K10*Parâmetros!$B$12+L10*Parâmetros!$B$13+M10*Parâmetros!$B$14+N10*Parâmetros!$B$15+O10*Parâmetros!$B$16+P10*Parâmetros!$B$17)/(5*SUM(Parâmetros!$B$12:$B$17)),0)) | R10: =IF(Q10="","",IF(Q10>=Parâmetros!$B$20,"Modelar já",IF(Q10>=Parâmetros!$B$21,"Monitorar","Descartar")))
K11: =IF(D11="","",IF(D11>=Parâmetros!$C$7,5,IF(D11>=Parâmetros!$C$6,4,IF(D11>=Parâmetros!$C$5,3,IF(D11>=Parâmetros!$C$4,2,1))))) | L11: =IF(E11="","",IF(E11>=Parâmetros!$D$7,5,IF(E11>=Parâmetros!$D$6,4,IF(E11>=Parâmetros!$D$5,3,IF(E11>=Parâmetros!$D$4,2,1))))) | M11: =IF(F11="","",IF(F11>=Parâmetros!$E$7,5,IF(F11>=Parâmetros!$E$6,4,IF(F11>=Parâmetros!$E$5,3,IF(F11>=Parâmetros!$E$4,2,1))))) | N11: =IF(G11="","",IF(G11>=Parâmetros!$F$7,5,IF(G11>=Parâmetros!$F$6,4,IF(G11>=Parâmetros!$F$5,3,IF(G11>=Parâmetros!$F$4,2,1))))) | O11: =IF(H11="","",IF(H11="Sim",IF(I11>=Parâmetros!$G$4,5,4),IF(I11>=Parâmetros!$G$4,3,2))) | P11: =IF(J11="","",J11) | Q11: =IF(COUNT(K11:P11)<6,"",ROUND(100*(K11*Parâmetros!$B$12+L11*Parâmetros!$B$13+M11*Parâmetros!$B$14+N11*Parâmetros!$B$15+O11*Parâmetros!$B$16+P11*Parâmetros!$B$17)/(5*SUM(Parâmetros!$B$12:$B$17)),0)) | R11: =IF(Q11="","",IF(Q11>=Parâmetros!$B$20,"Modelar já",IF(Q11>=Parâmetros!$B$21,"Monitorar","Descartar")))
K12: =IF(D12="","",IF(D12>=Parâmetros!$C$7,5,IF(D12>=Parâmetros!$C$6,4,IF(D12>=Parâmetros!$C$5,3,IF(D12>=Parâmetros!$C$4,2,1))))) | L12: =IF(E12="","",IF(E12>=Parâmetros!$D$7,5,IF(E12>=Parâmetros!$D$6,4,IF(E12>=Parâmetros!$D$5,3,IF(E12>=Parâmetros!$D$4,2,1))))) | M12: =IF(F12="","",IF(F12>=Parâmetros!$E$7,5,IF(F12>=Parâmetros!$E$6,4,IF(F12>=Parâmetros!$E$5,3,IF(F12>=Parâmetros!$E$4,2,1))))) | N12: =IF(G12="","",IF(G12>=Parâmetros!$F$7,5,IF(G12>=Parâmetros!$F$6,4,IF(G12>=Parâmetros!$F$5,3,IF(G12>=Parâmetros!$F$4,2,1))))) | O12: =IF(H12="","",IF(H12="Sim",IF(I12>=Parâmetros!$G$4,5,4),IF(I12>=Parâmetros!$G$4,3,2))) | P12: =IF(J12="","",J12) | Q12: =IF(COUNT(K12:P12)<6,"",ROUND(100*(K12*Parâmetros!$B$12+L12*Parâmetros!$B$13+M12*Parâmetros!$B$14+N12*Parâmetros!$B$15+O12*Parâmetros!$B$16+P12*Parâmetros!$B$17)/(5*SUM(Parâmetros!$B$12:$B$17)),0)) | R12: =IF(Q12="","",IF(Q12>=Parâmetros!$B$20,"Modelar já",IF(Q12>=Parâmetros!$B$21,"Monitorar","Descartar")))
K13: =IF(D13="","",IF(D13>=Parâmetros!$C$7,5,IF(D13>=Parâmetros!$C$6,4,IF(D13>=Parâmetros!$C$5,3,IF(D13>=Parâmetros!$C$4,2,1))))) | L13: =IF(E13="","",IF(E13>=Parâmetros!$D$7,5,IF(E13>=Parâmetros!$D$6,4,IF(E13>=Parâmetros!$D$5,3,IF(E13>=Parâmetros!$D$4,2,1))))) | M13: =IF(F13="","",IF(F13>=Parâmetros!$E$7,5,IF(F13>=Parâmetros!$E$6,4,IF(F13>=Parâmetros!$E$5,3,IF(F13>=Parâmetros!$E$4,2,1))))) | N13: =IF(G13="","",IF(G13>=Parâmetros!$F$7,5,IF(G13>=Parâmetros!$F$6,4,IF(G13>=Parâmetros!$F$5,3,IF(G13>=Parâmetros!$F$4,2,1))))) | O13: =IF(H13="","",IF(H13="Sim",IF(I13>=Parâmetros!$G$4,5,4),IF(I13>=Parâmetros!$G$4,3,2))) | P13: =IF(J13="","",J13) | Q13: =IF(COUNT(K13:P13)<6,"",ROUND(100*(K13*Parâmetros!$B$12+L13*Parâmetros!$B$13+M13*Parâmetros!$B$14+N13*Parâmetros!$B$15+O13*Parâmetros!$B$16+P13*Parâmetros!$B$17)/(5*SUM(Parâmetros!$B$12:$B$17)),0)) | R13: =IF(Q13="","",IF(Q13>=Parâmetros!$B$20,"Modelar já",IF(Q13>=Parâmetros!$B$21,"Monitorar","Descartar")))
K14: =IF(D14="","",IF(D14>=Parâmetros!$C$7,5,IF(D14>=Parâmetros!$C$6,4,IF(D14>=Parâmetros!$C$5,3,IF(D14>=Parâmetros!$C$4,2,1))))) | L14: =IF(E14="","",IF(E14>=Parâmetros!$D$7,5,IF(E14>=Parâmetros!$D$6,4,IF(E14>=Parâmetros!$D$5,3,IF(E14>=Parâmetros!$D$4,2,1))))) | M14: =IF(F14="","",IF(F14>=Parâmetros!$E$7,5,IF(F14>=Parâmetros!$E$6,4,IF(F14>=Parâmetros!$E$5,3,IF(F14>=Parâmetros!$E$4,2,1))))) | N14: =IF(G14="","",IF(G14>=Parâmetros!$F$7,5,IF(G14>=Parâmetros!$F$6,4,IF(G14>=Parâmetros!$F$5,3,IF(G14>=Parâmetros!$F$4,2,1))))) | O14: =IF(H14="","",IF(H14="Sim",IF(I14>=Parâmetros!$G$4,5,4),IF(I14>=Parâmetros!$G$4,3,2))) | P14: =IF(J14="","",J14) | Q14: =IF(COUNT(K14:P14)<6,"",ROUND(100*(K14*Parâmetros!$B$12+L14*Parâmetros!$B$13+M14*Parâmetros!$B$14+N14*Parâmetros!$B$15+O14*Parâmetros!$B$16+P14*Parâmetros!$B$17)/(5*SUM(Parâmetros!$B$12:$B$17)),0)) | R14: =IF(Q14="","",IF(Q14>=Parâmetros!$B$20,"Modelar já",IF(Q14>=Parâmetros!$B$21,"Monitorar","Descartar")))
K15: =IF(D15="","",IF(D15>=Parâmetros!$C$7,5,IF(D15>=Parâmetros!$C$6,4,IF(D15>=Parâmetros!$C$5,3,IF(D15>=Parâmetros!$C$4,2,1))))) | L15: =IF(E15="","",IF(E15>=Parâmetros!$D$7,5,IF(E15>=Parâmetros!$D$6,4,IF(E15>=Parâmetros!$D$5,3,IF(E15>=Parâmetros!$D$4,2,1))))) | M15: =IF(F15="","",IF(F15>=Parâmetros!$E$7,5,IF(F15>=Parâmetros!$E$6,4,IF(F15>=Parâmetros!$E$5,3,IF(F15>=Parâmetros!$E$4,2,1))))) | N15: =IF(G15="","",IF(G15>=Parâmetros!$F$7,5,IF(G15>=Parâmetros!$F$6,4,IF(G15>=Parâmetros!$F$5,3,IF(G15>=Parâmetros!$F$4,2,1))))) | O15: =IF(H15="","",IF(H15="Sim",IF(I15>=Parâmetros!$G$4,5,4),IF(I15>=Parâmetros!$G$4,3,2))) | P15: =IF(J15="","",J15) | Q15: =IF(COUNT(K15:P15)<6,"",ROUND(100*(K15*Parâmetros!$B$12+L15*Parâmetros!$B$13+M15*Parâmetros!$B$14+N15*Parâmetros!$B$15+O15*Parâmetros!$B$16+P15*Parâmetros!$B$17)/(5*SUM(Parâmetros!$B$12:$B$17)),0)) | R15: =IF(Q15="","",IF(Q15>=Parâmetros!$B$20,"Modelar já",IF(Q15>=Parâmetros!$B$21,"Monitorar","Descartar")))
K16: =IF(D16="","",IF(D16>=Parâmetros!$C$7,5,IF(D16>=Parâmetros!$C$6,4,IF(D16>=Parâmetros!$C$5,3,IF(D16>=Parâmetros!$C$4,2,1))))) | L16: =IF(E16="","",IF(E16>=Parâmetros!$D$7,5,IF(E16>=Parâmetros!$D$6,4,IF(E16>=Parâmetros!$D$5,3,IF(E16>=Parâmetros!$D$4,2,1))))) | M16: =IF(F16="","",IF(F16>=Parâmetros!$E$7,5,IF(F16>=Parâmetros!$E$6,4,IF(F16>=Parâmetros!$E$5,3,IF(F16>=Parâmetros!$E$4,2,1))))) | N16: =IF(G16="","",IF(G16>=Parâmetros!$F$7,5,IF(G16>=Parâmetros!$F$6,4,IF(G16>=Parâmetros!$F$5,3,IF(G16>=Parâmetros!$F$4,2,1))))) | O16: =IF(H16="","",IF(H16="Sim",IF(I16>=Parâmetros!$G$4,5,4),IF(I16>=Parâmetros!$G$4,3,2))) | P16: =IF(J16="","",J16) | Q16: =IF(COUNT(K16:P16)<6,"",ROUND(100*(K16*Parâmetros!$B$12+L16*Parâmetros!$B$13+M16*Parâmetros!$B$14+N16*Parâmetros!$B$15+O16*Parâmetros!$B$16+P16*Parâmetros!$B$17)/(5*SUM(Parâmetros!$B$12:$B$17)),0)) | R16: =IF(Q16="","",IF(Q16>=Parâmetros!$B$20,"Modelar já",IF(Q16>=Parâmetros!$B$21,"Monitorar","Descartar")))
K17: =IF(D17="","",IF(D17>=Parâmetros!$C$7,5,IF(D17>=Parâmetros!$C$6,4,IF(D17>=Parâmetros!$C$5,3,IF(D17>=Parâmetros!$C$4,2,1))))) | L17: =IF(E17="","",IF(E17>=Parâmetros!$D$7,5,IF(E17>=Parâmetros!$D$6,4,IF(E17>=Parâmetros!$D$5,3,IF(E17>=Parâmetros!$D$4,2,1))))) | M17: =IF(F17="","",IF(F17>=Parâmetros!$E$7,5,IF(F17>=Parâmetros!$E$6,4,IF(F17>=Parâmetros!$E$5,3,IF(F17>=Parâmetros!$E$4,2,1))))) | N17: =IF(G17="","",IF(G17>=Parâmetros!$F$7,5,IF(G17>=Parâmetros!$F$6,4,IF(G17>=Parâmetros!$F$5,3,IF(G17>=Parâmetros!$F$4,2,1))))) | O17: =IF(H17="","",IF(H17="Sim",IF(I17>=Parâmetros!$G$4,5,4),IF(I17>=Parâmetros!$G$4,3,2))) | P17: =IF(J17="","",J17) | Q17: =IF(COUNT(K17:P17)<6,"",ROUND(100*(K17*Parâmetros!$B$12+L17*Parâmetros!$B$13+M17*Parâmetros!$B$14+N17*Parâmetros!$B$15+O17*Parâmetros!$B$16+P17*Parâmetros!$B$17)/(5*SUM(Parâmetros!$B$12:$B$17)),0)) | R17: =IF(Q17="","",IF(Q17>=Parâmetros!$B$20,"Modelar já",IF(Q17>=Parâmetros!$B$21,"Monitorar","Descartar")))
K18: =IF(D18="","",IF(D18>=Parâmetros!$C$7,5,IF(D18>=Parâmetros!$C$6,4,IF(D18>=Parâmetros!$C$5,3,IF(D18>=Parâmetros!$C$4,2,1))))) | L18: =IF(E18="","",IF(E18>=Parâmetros!$D$7,5,IF(E18>=Parâmetros!$D$6,4,IF(E18>=Parâmetros!$D$5,3,IF(E18>=Parâmetros!$D$4,2,1))))) | M18: =IF(F18="","",IF(F18>=Parâmetros!$E$7,5,IF(F18>=Parâmetros!$E$6,4,IF(F18>=Parâmetros!$E$5,3,IF(F18>=Parâmetros!$E$4,2,1))))) | N18: =IF(G18="","",IF(G18>=Parâmetros!$F$7,5,IF(G18>=Parâmetros!$F$6,4,IF(G18>=Parâmetros!$F$5,3,IF(G18>=Parâmetros!$F$4,2,1))))) | O18: =IF(H18="","",IF(H18="Sim",IF(I18>=Parâmetros!$G$4,5,4),IF(I18>=Parâmetros!$G$4,3,2))) | P18: =IF(J18="","",J18) | Q18: =IF(COUNT(K18:P18)<6,"",ROUND(100*(K18*Parâmetros!$B$12+L18*Parâmetros!$B$13+M18*Parâmetros!$B$14+N18*Parâmetros!$B$15+O18*Parâmetros!$B$16+P18*Parâmetros!$B$17)/(5*SUM(Parâmetros!$B$12:$B$17)),0)) | R18: =IF(Q18="","",IF(Q18>=Parâmetros!$B$20,"Modelar já",IF(Q18>=Parâmetros!$B$21,"Monitorar","Descartar")))
K19: =IF(D19="","",IF(D19>=Parâmetros!$C$7,5,IF(D19>=Parâmetros!$C$6,4,IF(D19>=Parâmetros!$C$5,3,IF(D19>=Parâmetros!$C$4,2,1))))) | L19: =IF(E19="","",IF(E19>=Parâmetros!$D$7,5,IF(E19>=Parâmetros!$D$6,4,IF(E19>=Parâmetros!$D$5,3,IF(E19>=Parâmetros!$D$4,2,1))))) | M19: =IF(F19="","",IF(F19>=Parâmetros!$E$7,5,IF(F19>=Parâmetros!$E$6,4,IF(F19>=Parâmetros!$E$5,3,IF(F19>=Parâmetros!$E$4,2,1))))) | N19: =IF(G19="","",IF(G19>=Parâmetros!$F$7,5,IF(G19>=Parâmetros!$F$6,4,IF(G19>=Parâmetros!$F$5,3,IF(G19>=Parâmetros!$F$4,2,1))))) | O19: =IF(H19="","",IF(H19="Sim",IF(I19>=Parâmetros!$G$4,5,4),IF(I19>=Parâmetros!$G$4,3,2))) | P19: =IF(J19="","",J19) | Q19: =IF(COUNT(K19:P19)<6,"",ROUND(100*(K19*Parâmetros!$B$12+L19*Parâmetros!$B$13+M19*Parâmetros!$B$14+N19*Parâmetros!$B$15+O19*Parâmetros!$B$16+P19*Parâmetros!$B$17)/(5*SUM(Parâmetros!$B$12:$B$17)),0)) | R19: =IF(Q19="","",IF(Q19>=Parâmetros!$B$20,"Modelar já",IF(Q19>=Parâmetros!$B$21,"Monitorar","Descartar")))
... K206: =IF(D206="","",IF(D206>=Parâmetros!$C$7,5,IF(D206>=Parâmetros!$C$6,4,IF(D206>=Parâmetros!$C$5,3,IF(D206>=Parâmetros!$C$4,2,1))))) | L206: =IF(E206="","",IF(E206>=Parâmetros!$D$7,5,IF(E206>=Parâmetros!$D$6,4,IF(E206>=Parâmetros!$D$5,3,IF(E206>=Parâmetros!$D$4,2,1))))) | M206: =IF(F206="","",IF(F206>=Parâmetros!$E$7,5,IF(F206>=Parâmetros!$E$6,4,IF(F206>=Parâmetros!$E$5,3,IF(F206>=Parâmetros!$E$4,2,1))))) | N206: =IF(G206="","",IF(G206>=Parâmetros!$F$7,5,IF(G206>=Parâmetros!$F$6,4,IF(G206>=Parâmetros!$F$5,3,IF(G206>=Parâmetros!$F$4,2,1))))) | O206: =IF(H206="","",IF(H206="Sim",IF(I206>=Parâmetros!$G$4,5,4),IF(I206>=Parâmetros!$G$4,3,2))) | P206: =IF(J206="","",J206) | Q206: =IF(COUNT(K206:P206)<6,"",ROUND(100*(K206*Parâmetros!$B$12+L206*Parâmetros!$B$13+M206*Parâmetros!$B$14+N206*Parâmetros!$B$15+O206*Parâmetros!$B$16+P206*Parâmetros!$B$17)/(5*SUM(Parâmetros!$B$12:$B$17)),0)) | R206: =IF(Q206="","",IF(Q206>=Parâmetros!$B$20,"Modelar já",IF(Q206>=Parâmetros!$B$21,"Monitorar","Descartar")))

Sheet Parâmetros
A1: Parâmetros de pontuação (edite as células azuis)
A2: Premissas: faixas e pesos são heurísticas minhas de mercado (não dados oficiais). Ajuste conforme o que você observar no nicho.
A3: Nota | C3: Dias no ar (mín.) | D3: Anúncios ativos (mín.) | E3: Criativos distintos (mín.) | F3: Outras páginas (mín.) | G3: Ticket mín. p/ funil 'forte' (R$)
A4: Nota 2 a partir de | C4: 7 | D4: 3 | E4: 3 | F4: 1 | G4: 27
A5: Nota 3 a partir de | C5: 21 | D5: 10 | E5: 6 | F5: 2
A6: Nota 4 a partir de | C6: 45 | D6: 25 | E6: 10 | F6: 4
A7: Nota 5 a partir de | C7: 90 | D7: 60 | E7: 20 | F7: 8
A8: Abaixo da faixa da Nota 2 = Nota 1.
A10: Pesos (soma livre; normalizada no cálculo)
A11: Critério | B11: Peso
A12: Tempo no ar | B12: 3
A13: Volume de anúncios | B13: 2
A14: Criativos distintos | B14: 2
A15: Outras páginas (afiliados) | B15: 2
A16: Funil (bump/upsell/ticket) | B16: 2
A17: Dor do público | B17: 3
A19: Cortes da classificação (nota final 0-100)
A20: Modelar já (a partir de) | B20: 70
A21: Monitorar (a partir de) | B21: 50
A23: Regras de leitura: dias no ar = idade do anúncio ativo mais antigo; criativos distintos = vídeos/imagens diferentes; funil forte = tem order bump/upsell e ticket >= G4.
